title,url
,https://www.ebay.com/itm/334470159283?epid=18036893799&hash=item4ddff99bb3:g:GwUAAOSwR6FirPMy&amdata=enc%3AAQAHAAAA4LTD8YYhHhJ8KrzdCpk1GigMrDUGzv2AgIlm1Ct16OdLW98vXJIDMKaXgAKs9mLYkMTcGA54qFBMWWYaX68xoPk6zUxHgbg%2FJbCxRRjKv0XJ%2BAn9ik1rlmcPj%2B655V0mnewBUGHTUEPL%2FgqcEPtz0hCNdeaaailwyAmaZq12CABv%2BzKl5o9%2B3pKAX1TyMlwu%2F%2FBQHGzxZEXQIMUSS3TFOqiA%2Ff5w0YDEJODOcL5JWcmtlwC1vSvDDR214re%2BTxmc2vEWtGtG4LLiu%2FbHTLu5CZf0PBLeBV3ZV5B5Irgjx06O%7Ctkp%3ABFBM_M6jlelh&var=543728089917
,https://www.ebay.com/itm/334470199829?epid=26036898531&hash=item4ddffa3a15:g:GqkAAOSwnNVirPMd&amdata=enc%3AAQAHAAAA4BrNCqSLIPrIvGTHpu7xjdI%2FL5z4qagoe%2FhYXB1jFbkIF7petXGNANZM3cBiq1B23WS7LPbSiiwmtNNJ6KYygP5yejUyOVQ0X%2Fe%2FiFb66dlM017u2WRpevLzoRAYjYoZO%2F1Yyplncxd5d9d47S69zAO6fxowyop5OoFNr6axFsu9KWKUxktGpw7zQqtjz4OCb42hTgGRlqIY6ti9tTYB0P60loYfvLE834bt4Ap%2Fj5pjuAA5YQJvpQavjf8rjYsWO0h5gDkrHcrxUONkjpIbjB0STtIFonaBScwN05njW92T%7Ctkp%3ABFBM_M6jlelh&var=543727997679
Samsung Galaxy Note 20 Ultra Unlocked N986U 128GB Good,https://www.ebay.com/itm/334481215887?hash=item4de0a2518f:g:VOcAAOSwVVxjcpMs&amdata=enc%3AAQAHAAAA4JsNH1S%2B4m5RLN8q4daJUcc8vStUkgQlELf2EExp%2FsWSgTs%2BIyGMZZFq5kXyD7r7Gpxzop7Y2VYoIAwKuxm9nT0do1wION%2BBhr14CfOjZKaB0BvBMahAZlhwPXu6u28Hm%2Btu7NnrFEwkUuDjlLyRoECyxkhOdmQCb%2F7%2B%2FhYwsH8czbGenaHcG%2BOSaxB3XDGXrBqG9Cks2nTIZIz0qV7O77EdzSEsIbt7KyIURHezca3XzjJwlLuBKpd4ElTZamPLzLKowlDYLk1i0vtBVkX3rr0yn7%2Fn%2BBnHP6nbvrbglakL%7Ctkp%3ABFBM_s6jlelh&var=543728103733
"Samsung Galaxy S21, 5G, 128GB, Phantom Grey, Unlocked - Fair Condition",https://www.ebay.com/itm/334728586748?epid=26058018458&hash=item4def60e5fc:g:NWEAAOSwP2xkDLPy&amdata=enc%3AAQAHAAAA4LUIZI0KkwysYrnxBW3h4yY6LgKJ8wYsunh6XhHrgp20vXWT3noIvhl%2BKb7EJX77R3FhNYEyZMQ0JgsShqG%2B49GnTGumeFOK8k%2FJfIVuURDvr0UCtAL%2F1%2BDt27sspeStg4RreZgWwAYJavfMxuE4ZUFlbWToyjF6dM2wKX2IsYjtak%2BFMs80oBJdcq%2B6k02CyhKnnecIEcQv4%2Fkd4xo9qkfqbUQDnZAgskSTbpHsZRVr4KJbYhmSy%2Bj%2BO0oQv1e4rUtNmVE9hTqPnl%2B2syoHJMpLV2BAmWw9KxKwSwj4rrvX%7Ctkp%3ABFBM_s6jlelh
"SAMSUNG Galaxy S23, S23+, S23Ultra 5G Unlocked Smartphone Cellphone",https://www.ebay.com/itm/354557412430?hash=item528d44c44e:g:mwkAAOSwMphj21XQ&var=623937687359
Samsung Galaxy Note 20 5G N981U (Factory Unlocked) 128GB Smartphone,https://www.ebay.com/p/9040080100?iid=325349047528&var=514292156334
Samsung Galaxy S22 S901 128GB US Cellular Smartphone Excellent,https://www.ebay.com/p/25055117005?iid=284950234610&var=586757506175
Samsung Galaxy S21+ Plus 5G G996U 128GB (Factory Unlocked) Smartphone- Good,https://www.ebay.com/p/20043689450?iid=325566893699&var=514596051985
Samsung Galaxy Note 8 SM-N950U - 64GB - Black (Unlocked) - B Stock Heavy Shadow,https://www.ebay.com/p/28030654897?iid=185294126719
Samsung Galaxy S20 | S20+ | S20 FE | S20 Ultra 5G 128GB - Unlocked Verizon AT&T,https://www.ebay.com/p/20038967004?iid=275507425786&var=576432572897
Samsung Galaxy S22 Ultra 128GB 256GB S908U US Cellular Excellent,https://www.ebay.com/p/15052286533?iid=285078137760&var=586977704888
Samsung Galaxy S10 S10e S10+ Plus 128GB 512GB Unlocked Verizon T-Mobile AT&T ,https://www.ebay.com/p/9029456909?iid=275343078481&var=575657175710
Samsung Galaxy Note 20 Ultra Unlocked N986U 128GB,https://www.ebay.com/p/27040076768?iid=334578850436&var=543728249628
Samsung Galaxy S21 | S21+ Plus 5G - 128GB - Unlocked | Verizon | T-Mobile | AT&T,https://www.ebay.com/itm/185795944955?epid=8043691369&hash=item2b424d21fb:g:PZMAAOSwOEZj~qg1&amdata=enc%3AAQAHAAAA4MEsrxysGaGCfETvwCkGnLYNLaS30hk3%2FdIKw%2FEgpNtNhNmdi94UBVF1f2tkfGFmS5J1VN7OjRu8zu9mX%2FrzSAwKo25qWh%2BfX9d9h2ronArPDTSgQkfl2K%2BZyPZRgcFcT0pUZGe62b%2F%2FRVmrkneSnCm%2FBN8E0hKb3zxJxaG593ZHmdH9nj%2BDgRcAvpgRF3CgozhBPGtn9nRmM25tjEkBCh0W5ulZ7pERJ%2BtNki9pGK7TypMIU74w40QiWymWc%2Fzs6obSMZnMZbON8pajBB%2B2De%2FYReIMB1YfwfHFrS9YpB9l%7Ctkp%3ABFBM_s6jlelh&var=693744210310
Samsung Galaxy S20 FE Unlocked 5G SM-G781V - 128GB - Cloud Navy,https://www.ebay.com/itm/304833503828?epid=26041210699&hash=item46f97e2254:g:sGsAAOSw0txkCqTJ&amdata=enc%3AAQAHAAAA4NnueV4tINesVo9ziyprBhjk6jx4lPQA5sGSApN%2FDnn4wieifzGeQLb9sFmUsQgOadPOEkel%2FUK8SV2MgOTcP1KLXII63qX0OV0jVOiyFDNGvjUGHTvtiTibf6iW1R0N94%2Fvu0S84QLuIQomfCtDB%2FgJg%2BOGgyazc7HJD%2Bjd68U4Pf9nPPAvW7h0%2BvxdrTVZwV9jYxxqZIKrleJG6I74a2lrBb2kA94977Fe35yNCb4tOgmSq4govGngFh9S5chGd4Sa%2BLFOzNiQzouKk3qI%2F22b6zF7F23IFajC4%2BSdYIyk%7Ctkp%3ABFBM_s6jlelh
Samsung Galaxy S20+ Plus 5G G986U Unlocked 128GB,https://www.ebay.com/itm/334582858558?epid=24036887789&hash=item4de6b1433e:g:-dMAAOSwEIpjPWyW&amdata=enc%3AAQAHAAAA4HZ2T%2BKkapvoUpNvG6xgziEGaxtnqGlB3%2F8ELVlNH3rBqifMv6uTda8ms%2Bn3kUOz%2F4oqF7ZnWxWowLke4XskBWgOhSR6Gc7J34K4YvDlQGPFPQWt3xS3v%2BCleweKpbAWXohBcQgGFU8u9M5H2YEdUh%2BfrztsDCyHrnez0CmmsO4uWXTut2mrqEdunH43lGfMlWE%2Bmi56vJRHkPcKBHbspfZ7TuphAuWjJ3HpyqMqn1m9cWvsRt88dH4Zl7JvczvNZpuv13uGmEwhIQGK62XfXrEhYr2QtHUT%2B7uTQm2uhaUb%7Ctkp%3ABFBM_s6jlelh&var=543682799869
,https://www.ebay.com/p/19040790339?iid=294574166878&var=593296076580
Samsung Galaxy S20 | S20+ | S20 FE | S20 Ultra 5G 128GB - Unlocked Verizon AT&T,https://www.ebay.com/p/27043765755?iid=265959603760&var=565811646027
Samsung Galaxy Z Flip3 5G SM-F711U - 256GB - (Unlocked) - B Stock - Spot,https://www.ebay.com/p/22048607335?iid=185823464681&var=693780541148
Samsung Galaxy S21 5G SM-G991U 128GB Unlocked Smartphone - Good,https://www.ebay.com/p/28043687656?iid=195096160016&var=494943568074
NEW UNLOCKED SAMSUNG GALAXY S21 ULTRA 5G SM-G998U ALL COLORS AND MEMORY GSM+CDMA,https://www.ebay.com/p/13043687483?iid=204252543375&var=504820734119
Samsung Galaxy S20 FE 5G SM-G781U 128GB Cloud Navy Factory Unlocked 10/10 MINT!,https://www.ebay.com/p/19041200788?iid=115679349085
,https://www.ebay.com/itm/275382780260?hash=item401e17c164:g:cO4AAOSw6jdjdqXo&var=575822481148
Samsung Galaxy S22 SM-S901U - 128GB - All Colors - (T-Mobile Locked) - Good,https://www.ebay.com/itm/185540908487?hash=item2b331995c7:g:FC8AAOSw~kpi~A3O&var=693381105094
Samsung Galaxy A53 5G 128GB - Black SM-A536 (Unlocked T-Mobile AT&T) Open Box,https://www.ebay.com/p/9052996590?iid=275544148948&var=576542267879
Samsung S20+ Plus 5G Unlocked G986U 128GB Spot,https://www.ebay.com/p/25055820570?iid=295269545611&var=593458929679
Samsung Galaxy S21 | S21+ Plus 5G 128GB - (Unlocked) Verizon T-Mobile AT&T,https://www.ebay.com/p/8043691369?iid=266153124820&var=565984831287
,https://www.ebay.com/itm/334228691030?epid=27040076768&hash=item4dd1951856:g:-uIAAOSwh2Jhm7sf&amdata=enc%3AAQAHAAAA4OepQkzB0aQ0Ke8dhcA0jJtt3WMiTP%2FqsHlXEGlu9e%2BpCd5DyvhQB2eTS4Gt02VzsS8nqHjFafjNZL9qHQcaS1HMIKhfyQfAjBoxx1Ic0tC0z%2FN4gRkj0Qmm%2BtMz8PViM5nbRVYVSKXovnyJVPBKMJH2jxXxE%2BBvY%2BdFCNrzwb%2B8rk5HnE9EktOSNph2YsFfoiVCrHNb80AC9XiHMMJbpXMCjnHaMoLyWnm4%2B%2FjQZDOowN28lpCHJ5laYELQ%2B9ac5sezl%2B7YzVXyVi4b7sTS9XYsF4n3w4Zc%2FnssoEZN7AYi%7Ctkp%3ABFBMgM-jlelh&var=543728333620
Samsung Galaxy A11 - UNLOCKED,https://www.ebay.com/itm/274655053879?epid=8045797747&hash=item3ff2b78837:g:9z0AAOSw0D1in7UP&amdata=enc%3AAQAHAAAA0LHMWCTFIkm6HaXGCy73Fs6mSDtildgYhCRFUMWiIiHI1nRgCyslC%2FQCY1eRuHuVgrD1dFcgnH65y%2FirJFCamlNo3hSQeDSk2pFZkFRemLs%2BqAr%2BG2WtzaGIQkvOSEEfjxHD5NVborxUMrH7u6Tpl84UCTNTvXKo3mq3aEOvR%2BpovwSjgCgQKJxwiVNu%2FkL9zM2345L0ExMqGl7nEabhqdChvmOCuPaLNxnBAPEDQIgBEyroHKOLRjR1k1a2I3zAwIqEl8LDJrtb3zm6V6hfkW0%3D%7Ctkp%3ABFBMgM-jlelh
New AT&T Samsung Galaxy S21 FE 5G SM-G990U 128GB Graphite (US Model),https://www.ebay.com/itm/155401149618?epid=22051766050&hash=item242ea15cb2:g:MZ4AAOSw2Zxj5YFe&amdata=enc%3AAQAHAAAA4Pj0wdqc03GR8FHqRCVchXyQB1Sj3Jo3Axjy1In3pQDhNwGVSxTagTZ13OuBdjgpDGH9vZ11edwEwoKVqSeTMSlLU8XwqVkN5WoExq35da2SJHGYd2WQLk%2FTrjX72y%2FKTvdbpP9x8aKKGPv%2BLrInyFNCGlJarJXhJKn8fFx4lf7gNuK8a4Sy%2FjKq7i%2FWGn5df7DlhZ0Krk4MhdQn%2BeIKsRQtyFyD%2FtOE0yiM9tmAN4%2Bm3y4eo9IdL5vh1uoaD5prws3%2BYMXNvN03yUMhQAp7RJjfh2pUIlsy%2FpoUwb75lQUL%7Ctkp%3ABFBMgM-jlelh
Samsung Galaxy S20 FE 5G - 128GB - Factory Unlocked - Excellent Condition,https://www.ebay.com/itm/115014458990?epid=19041200788&hash=item1ac7655e6e:g:X9kAAOSwJZhhUh73&amdata=enc%3AAQAHAAAA4DBOZde6kxQDgZpo2vJKHyUpxQgwAEHmm6UftU%2BvGxl4YBkmxOWbapv3yQC628Ud2yfgCeRGISKq%2BodxGhbuIN7UtndFY9S9MwUTTm7wedGVcJyMiG1aNVFO6VD6rJsdBaZUowhlY8EHJ5coLSQlSHcqWHtx%2FkJfCGoZesIRbZ%2FrhZq7dcZAdpVeUwA%2FusOs9d65NHdYBD6e%2FaXgo12GRS8HXdOTQFz7EYmHsPRcEYM3HFtWcHH02jxBROQZ7UNmBBpxttKR%2Bht%2BXgWdhjnLWfJRtYx7yKfjYjugZ8v%2B2jCj%7Ctkp%3ABFBMgM-jlelh&var=415106806388
Samsung Galaxy Note 9 N960U 128GB Factory Unlocked Smartphone,https://www.ebay.com/p/9025368407?iid=325334675201&var=514254506102
Samsung Galaxy Note10+ Plus SM-N975U 256GB All Colors (Unlocked) Heavy Scratch,https://www.ebay.com/p/24056237871?iid=175501857704&var=474823692575
Samsung Galaxy Note 10 | Note 10+ Plus 256GB - (Unlocked) T-Mobile AT&T Verizon,https://www.ebay.com/p/9057218890?iid=255640405570&var=555574989561
Samsung Galaxy S20 5G G981U Unlocked 128GB Spot,https://www.ebay.com/p/26036898531?iid=294824352820&var=593305727778
BRAND NEW Samsung Galaxy S21 S21+ plus S21 Ultra Unlocked smartphone BRAND NEW,https://www.ebay.com/p/3057122441?iid=374531095602&var=643502343640&rt=nc
Samsung Galaxy S22 Ultra SM-S908U - (Unlocked) - COLOR AND SIZE OPTIONS,https://www.ebay.com/p/2323332005?iid=256014591149&var=555949331688
Samsung Galaxy S20+ Plus 5G G986U Unlocked 128GB Open Box,https://www.ebay.com/itm/334582850759?epid=20036893230&hash=item4de6b124c7:g:Xo8AAOSw9ChjPWq5&amdata=enc%3AAQAHAAAA4EktGa8xSgOEtqq%2Fb61DC5FpEmlPXCMwB5ySOweh3dIta3s7Nnu0zpfY0zxVEgTlfWzhnCn5xRtIBibR6fH%2BdwQXqsq0Qg%2FqIVKyEBwL41CtsteD0wiYOOeREyzemaDFBPKOy6Q0rDk0MEHBePca3MmP9MWOX1o%2FSdUAqFpVN5OhsnuWXVX2Z5iOC6Iu%2BTZ%2FdIYjtD%2F50Mtua99DBVCO31kBN6s62o3lIS8%2BFhOUz6e6TZqhRCfm9X41IkXwVH9V1mPrqVwOdqq0HZw5y%2BCR4yyrzPIYlCKnJDjBjmGTPGLc%7Ctkp%3ABFBMgM-jlelh&var=543682540513
Samsung Galaxy Z Flip 3 5G 256GB Unlocked  CONDTION 9/10. WANT TO SELL SOON.,https://www.ebay.com/itm/134517557010?epid=22048607335&hash=item1f51df0712:g:35EAAOSwNjZkJkcT&amdata=enc%3AAQAHAAAA4DxidcCNGneKpB5i5WM1c9xIRTNB2dxvmaZDauEyT%2FGijK0RgucEmATSL%2FukXeh%2BuU%2FJbgb9rKXpnxLsOoUl%2FUQw%2FTKSxG%2FDhMAZUaluFk0ZvznpiK3BB9hLQUIivUWJC%2Fzb1Dl1JJ5WnqHZlX8PIpw4LpMRGyg4hwupX8Sx6cyoXYP69gcGJOhw%2F2eOB41j8gRFupI2mygrCaafVAGpe%2BLWnfXomUprj%2F7h2rMPaW2Xq6QPG5p5UPgWQ6RcgyR8A7yMxmLFJVJSeb4QprpHoXyktwmZmefu3qXRjs0TFi%2FN%7Ctkp%3ABFBMgM-jlelh
Samsung Galaxy Note 10+ Plus N975U - All Colors - Factory Unlocked - EXCELLENT -,https://www.ebay.com/p/26035820207?iid=255660131947&var=555596369794
Samsung Galaxy S9+ Plus SM-G965U 64GB (Unlocked) C Stock - Heavy Burn,https://www.ebay.com/p/6051639270?iid=175317362401&var=474544508508
New Sealed Samsung Galaxy A14 Smartphone 64GB Unlocked 4G Dual Sim All Colours,https://www.ebay.com/itm/225486419532?hash=item348009b64c:g:0H4AAOSwEwdkFhML&var=524491777994
"Samsung Galaxy S21, 5G, 128GB, Phantom Grey, Unlocked Brand New",https://www.ebay.com/p/26058018458?iid=256031870477&rt=nc
Samsung Galaxy S21 5G SM-G991U - 128GB - Gray - (T-Mobile) - New in Box,https://www.ebay.com/p/2314733154?iid=185505316866
NEW Samsung Galaxy S20 ULTRA 5G 128GB | 512GB Smartphone,https://www.ebay.com/p/23036905357?iid=225221356914&var=524160220284
Samsung Galaxy S10e SM-G970U - 128GB - All Colors - (Unlocked) - C Stock,https://www.ebay.com/p/13057292030?iid=195153562447&var=494970612105
,https://www.ebay.com/itm/334100136428?epid=26036898493&hash=item4dc9eb81ec:g:KmkAAOSwzNpjcon2&amdata=enc%3AAQAHAAAA4JJUCqBipkR2q65vB5LuEuOtoHN1B2HPnFGL7c%2FZVE6sdimYn3DVWg7bViZVlEZrpHnK%2F39OSDDKj5lDxW2S9pMVcvvTxBUW6L6zheUEvOfHeaRUTzAvYhigKh%2B0Cdk5SCA86QQl7sMDxp9YCiQasongzrYj7f%2BSLD0%2FBvAbqZlL9V3AJo1QFXA40CgAZWFOF%2BhQ7EI3cbAyK6yFwJpOC0j%2BRorvzb0qvOfGFMiwE3%2BIs2J7s%2FvZ01DshrXgOQMzuVIIJeAMsKxP%2BGlqQTJdBmcS8CJwL6SzOVL8m%2BoYvIXz%7Ctkp%3ABFBMuu-jlelh&var=543728047540
Samsung Galaxy S9 | S9+ Plus 64GB 128GB 256GB - Unlocked Verizon T-Mobile AT&T,https://www.ebay.com/itm/275209687401?epid=19028512262&hash=item4013c69169:g:n~wAAOSwXzRhjs1S&amdata=enc%3AAQAHAAAA4NXV5QzoaNzXMHg%2F4SBmom9KJzoiAXaxMcI7Q4uPnQ1d8e4YsM6HrdPeEQVTd06Mn4w6slT1iAjiF4Ih0WYTrETRyG1la%2F6tK%2B7VJpeu9J8oLsv%2B6n5CB2nDslJ0wG99LB6vWzufZU205%2FGxXsYckbr88y8Ay72G1qa5s3a1SA%2FJGavb44DmoN37FGqi9N1buEMUbQRUZn%2BxAlLKS5Of7ZmGlpSvoYvNc5X7Yb9Rt%2F82sCZsmwM9dCGCOiYtrOixSnyyoJ3IFhnc%2Fsk2mPbWoVYN0pLwixrRUIIzSL1DiIxB%7Ctkp%3ABFBMuu-jlelh&var=575482901370
SAMSUNG GALAXY S10+ PLUS Factory Unlocked üîì  AT&T T-MOBILE VERIZON G975 COLORS,https://www.ebay.com/itm/255659784879?epid=27029461398&hash=item3b8682baaf:g:beQAAOSwJjNi6tCq&amdata=enc%3AAQAHAAAA4By%2BtoyPA7OqpuMYL4H77C1ixrIBr2FfsOMupbeirvD5EcjuOO%2F0PQj4yF7zZ5c18U6cDvHbOeA%2BuvCxqCxOUcYy4g%2BoC%2FXXbEmtDkIh%2B6xqLmwzzyBT%2BvrrKGrEAzO7ktvGe9YMJ1U6JloZzjNJG9XvoezBQX%2B1AYGvFcGHSubXnSvnATeu2CN2s15bQhSJ0NCInz1pvEdNDuS0TlRszYZuRXgpyT13YBMo5kxM2dBgC%2FSdj8GjXL7iqeqpV5ndzKgwnhRPZT%2FFZ0ylwPU8vhRKuMuywhd8fBLWzI4TzgcD%7Ctkp%3ABFBMuu-jlelh&var=555595954839
Samsung Galaxy A03S (64GB) Factory Unlocked Cell Phone 4G LTE (VoLTE)LAT New,https://www.ebay.com/itm/325325542850?hash=item4bbee9d5c2:g:8RgAAOSwU75hJuT1&amdata=enc%3AAQAHAAAA4CSPfwybzp20pvkrCr1MpJwIpA136B9BaRELMdMZqQOQXg3lQi4RJPab%2Fv6ZMwT3GgpE2cqt3WwGns%2FJgljyBJ9Fzei0pbHN%2BeEy6VztsIw2JbJFlRvngw23%2Br5zVN1v4%2FCeDkyy8jic1u4d6QuGCsycgTa7bvJt%2BRcPMg0gktWiz4Xt6In%2Bx2ye2P7rjbE1fktglnjDlgRx1yFhgIjQj2W211iDK5u0SNE%2Bx6YiV8G7vSui3t2u7xqzaLKWp2uRlPOgB%2Bj7GtVy6ayVhOjFUeJNaphhpMaRc8N7LagvrN5R%7Ctkp%3ABFBMvO-jlelh&var=514236003337
New Sealed Samsung Galaxy A13 Smartphone 128GB Unlocked 4G Dual Sim All Colours,https://www.ebay.com/itm/225489801085?hash=item34803d4f7d:g:drUAAOSw1whjvWxv&var=524499818461
Samsung Galaxy A03/A04/A13/A23/A22/A53 5G 128GB DualSIM Mobile Phone Cheapest UK,https://www.ebay.com/itm/354618311721?hash=item5290e60429:g:DWwAAOSwk8dj~hKE&var=623990377701
Samsung Galaxy A13 32GB 64GB 128GB DualSim Unlocked Black Blue Peach White 2022,https://www.ebay.com/itm/394107762626?hash=item5bc2a737c2:g:FIoAAOSw5CtioL4N&var=662999177835
Samsung Galaxy S10+ Plus - 128GB / 512GB / 1TB - Factory Unlocked - EXCELLENT -,https://www.ebay.com/p/9032514917?iid=255107341571&var=555934072157
BRAND NEW Samsung Galaxy S22 S22+ Plus S22 Ultra Unlocked smartphone BRAND NEW,https://www.ebay.com/p/21052288919?iid=374561295982&var=643541235036&rt=nc
New Sealed Samsung Galaxy A23 Smartphone 128GB Unlocked 4G Dual Sim All Colours,https://www.ebay.com/itm/325563369013?hash=item4bcd16c635:g:RlMAAOSwLcxkBfXC&var=514609629056
Samsung Galaxy S10 G973U 128GB - Choose Carrier - (Factory Unlocked) - Good -,https://www.ebay.com/p/6029467452?iid=255980958022&var=555904206605
,https://www.ebay.com/p/2323332005?iid=325187258206&var=514112633558
NEW UNLOCKED SAMSUNG GALAXY S20 ULTRA 5G SM-G988U 128GB BLACK GRAY GSM+CDMA,https://www.ebay.com/p/21036891491?iid=194520497966&var=495428148945
Samsung Galaxy S7 G930F 32GB Black White Gold Silver Unlocked - GOOD ‚≠ê,https://www.ebay.com/itm/354047630744?epid=2282965401&hash=item526ee21d98:g:1w4AAOSwGKZidiqU&amdata=enc%3AAQAHAAAA4KcdvScJ8MF9rqCYmN1hrEW%2FYqqQvEbUA2nlVelt1vO255iX2RVOoDGcf0leOLXzmXj%2BVqHLPyAU4NibPA4bKYmLFIgG%2BlDxGYx3lsrbduqg5loqjcaeMkme%2B8wQCQ5ynTHW2QkWjUtip6T6WpOi93VizTehZOVIzfxSV4xJqI4xHWcxpGLPSILVA2%2BDLuwKj0aSmSN%2BVaArr%2BdiSe4UQYjgpwrPaviFrPQMrfRWRuI4WXipgHn2M%2F4wiH3v7D0GUsTVE29Io0SHc0DISTBJTCw%2Bkd8fcjOukbMcAnaHGR9u%7Ctkp%3ABFBMvO-jlelh&var=623409671509
Samsung Galaxy A13 5G SM-A136U - 64GB GSM Unlocked Smartphone - Black,https://www.ebay.com/itm/175552650160?epid=12052992671&hash=item28dfc0dbb0:g:ixwAAOSwmT1jrMIB&amdata=enc%3AAQAHAAAA4MhevH2hI1e%2B9qf9knqq2cBay5khHyKJMhhydCS0yKpLkFET6XOgT1PvEK1h78vP2XwZnp4pHXxc7dsWH6Z7f8%2B9PAW3vTU%2FFrtR7NX%2BghL%2Fr3%2Fu766wvTJD6z5NRg1rOyVwmLvMJvTfLw1V%2FWuWMDES9ZI3SDT201m6QD%2B0nrz%2Fhm0I%2B%2FgCMK83BxTseV6psvser9tWxhyUjWn%2FxZ2uDum0kVQTBazu7XwXS%2FkOQofUt6DkqTs7hVqceSttLy6ldscfPBCs3%2FMci0a2UFrXETm019f5SmPbGQLoGlZ%2BQKuv%7Ctkp%3ABFBMvO-jlelh
BRAND NEW Samsung Galaxy S20 S20 FE S20 + PLUS S20 ULTRA - 128GB - Unlocked,https://www.ebay.com/itm/374592073312?hash=item57376d6e60:g:VwIAAOSwbhNkIvOG&amdata=enc%3AAQAHAAAA4GaXSnyQpEqiiMwFii6Jt%2FpAl4zJcbCOB40Fz8MKeK9U0LcTVhCa5NUAZmaXiYEf%2BeyTyU7GnJHotXHajhCTGQOhqeMOEAaI8Ia%2BIXNMvQ2us8FgPSkykq%2FQFhSbjDUKKxNBp3qT5fS0S%2Bo1PTe8KZnPqpBPe%2FZbi0krahnffeAF4jMvShVSsUIzHVoAeTO%2FwJTm25XPmvVK4cZOLhy1lPkWBJ5NACRI4dAOp8D8mXWSquCX1aiJ2UIlD4Uz5Vx8y3trsPFuf0BTp4ioVOCvYUOQazmfy3BSzC%2BV%2BWMZBscG%7Ctkp%3ABFBMvO-jlelh&var=643577736895
SAMSUNG GALAXY A30s - 64GB - DUO SIM - ANDROID PHONE (2019) UNLOCKED - WHITEüî•,https://www.ebay.com/itm/175489083960?hash=item28dbf6ea38:g:BTgAAOSw20pkEc8e
SAMSUNG Galaxy S20 FE 5G *BULK NEW PRODUCT* 128GB Cloud Navy SM-G781U Smartphone,https://www.ebay.com/p/12041207169?iid=166010785314&rt=nc
NEW In Box Samsung Galaxy S9+ Plus G965U 64GB GSM Unlocked for AT&T & T-Mobile,https://www.ebay.com/itm/373122335779?hash=item56dfd30423:g:AGMAAOSwgM1f~aBp&var=641912033099
SAMSUNG GALAXY Z FLIP3 5G SM-F711U1 128GB ‚îÇ 256GB (FACTORY UNLOCKED) ‚ö´Ô∏è‚ö™Ô∏èüü£‚ùñO/B‚ùñ,https://www.ebay.com/itm/325435097405?hash=item4bc571813d:g:LK4AAOSwpf5jfUip&var=514611072899
BRAND NEW Samsung Galaxy S10 S10e S10 + Plus 128GB Unlocked smartphone BRAND NEW,https://www.ebay.com/p/23029472377?iid=374488803708&var=643447084049&rt=nc
Samsung S21 5G Unlocked G991U 128GB Spot,https://www.ebay.com/p/28043687656?iid=295015744706&var=593507402744
Samsung Galaxy A32 5G 64GB 6.5in LTE Black SM-A326 (Unlocked | T-Mobile | AT&T),https://www.ebay.com/p/23047000433?iid=275120753438&var=575397657371
Samsung Galaxy Note20 5G SM-N981U - 128GB - All Colors (T-Mobile) C Stock,https://www.ebay.com/itm/175242103849?hash=item28cd3e4c29:g:zq8AAOSwMzRiF680&var=474447306637
Samsung Galaxy S21 5G 128GB G991U - Unlocked Verizon AT&T Cricket T-Mobile Metro,https://www.ebay.com/p/6043698324?iid=255798953595&var=555735987571
Samsung Galaxy S8 SM-G950U 64GB (T-Mobile Verizon AT&T Unlocked) C Heavy Shadow,https://www.ebay.com/p/25030020992?iid=193337418932&var=493529180802
SAMSUNG GALAXY S20+ PLUS 5G 128 GB UNLOCKED - GREY BRAND NEW,https://www.ebay.com/p/4037820966?iid=256031868949&rt=nc
,https://www.ebay.com/itm/275506716399?epid=19031270053&hash=item40257adeef:g:-20AAOSw3KxkC6vM&amdata=enc%3AAQAHAAAA4KZVxHR6CBozdm2D2IaaIqXiGDe6P9hFIdmnQpqmTLAwAA6qv7qHk6QRDvyU3WDNG4flmfXrceMBLx%2FrKumYi%2BqVpPwCZxdYZi7zB8cZL0uJ%2Fp8FcqOLw7e8OMUIekMZ%2BgAD0T1VHsuwIRs235vO3duQXwxSuFqTIu0YJgPial8xk46QcET2mHwTpcmQkfbsdcVU3cmGU5Ol7q1bqYf9AGrpDuCebSDMzP25fGrGbLvD2QfixYyPZ%2F%2BjMW2v0IoruW8Tljpe08irks6LOpUdCxirDnnwSUie00VOkEFUX%2Fwz%7Ctkp%3ABFBMvu-jlelh&var=576385662466
Samsung Galaxy S21 5G Unlocked SM-G991U 128GB,https://www.ebay.com/itm/334454348912?epid=28043687656&hash=item4ddf085c70:g:cDsAAOSwCTZjcpUe&amdata=enc%3AAQAHAAAA4FKMlIJ5K3Dl5tKE7EEa5q6slc0rCCiUFn4Lxe%2BlYSlH1tobWFtiV1vDc%2BnP2bLKyT2bkXIm0zfSqnZjGHKs3rzbWWzjbMvn4vMZhIXE0KmJ%2BitlDNzJr%2Bjqv7NTgJuL2k8GUF0y8%2F1PuzNGY0eFPkFTiyAK%2BAz0gs49TJhNbF6BJPrq4vDUDCRrEQ5wMlcidxGALW0eGRpFr%2Fq8qjatFpvybz4eSbLBbXXd0x9ILApRNeDCF%2Fi%2BTzaJ0s5tVrJ1zEQSgn211ebiOM0aGVKjc4yaZBtQWTFs0kXSV2nV9mD5%7Ctkp%3ABFBMvu-jlelh&var=543471359911
,https://www.ebay.com/itm/164356376328?epid=15055364342&hash=item2644674708:g:59IAAOSwS6pjUwMW&amdata=enc%3AAQAHAAAA4KPx%2FhL71cYBH5J0p5hEjve0akK4Jo9czvL22zipcH1EsNIvri82veDS8%2FHjXRvJ%2BGn2L2R1KR5noRMUH5eWCBue4bIMww7pfyvMW6QqkRCXNgImwhGN1KfqJkYuiLLg3XybWA7iHjv1AuJl0917d3ZBeNhEEKSiEzYddi2a6DFFRujbYMjVvpkTHO7uqQw0PYlXw5ilnuipX1dfOephKHgrv5gEl23aya5JqF%2Brfu6MlvpXsCE9xFcpZysncQ0oTSTGMMw%2Fs2a8YghVTDIQSu1vwq6XninqSwTm2FRcrVQE%7Ctkp%3ABFBMvu-jlelh
"Samsung Galaxy S20 Ultra 5G SM-G988 - 128, 256, 512- Black, Gray, White Verizon",https://www.ebay.com/itm/165880938682?epid=25036891924&hash=item269f4640ba:g:KyQAAOSwV-Fjv3ul&amdata=enc%3AAQAHAAAA4CF0GHnYuVX4XX%2FZXBr16P3B2XctuaA%2FZIX%2BMH27%2FJ9ndrSB8VS%2F6TJCWKO502yogOsVGDchycTYdNUZbSHM4s06emqvBfKiwJnSzlFesq%2FazkjWRqQCXdOyaaX6HMw8iAlHfM%2BOc5w1hjvp3CjSj%2Bg5fCq3YQe8%2BPwX9ucWXncub5DLTOZ1Q7sJssp%2FXtU3GM8z6QsynsfH4PFT%2FP%2BuIvbiHpvymPDZG6c4hurb5P2PThnXbBMgZbm6f6%2BSqJCkOSEI4NNOCeg1miFXvxDx6suGEUnfcXpKF65upbRIVg74%7Ctkp%3ABFBMvu-jlelh&var=465381376868
Samsung Galaxy S20 5G SM-G981U - 128GB - Cosmic Gray (Unlocked) Smartphone,https://www.ebay.com/p/25055820570?iid=325595706535
Samsung Galaxy S20+ Plus 5G G986U Sprint Verizon AT&T Unlocked - Acceptable -,https://www.ebay.com/p/15057641925?iid=255269951424&var=555620183992
Samsung Galaxy S10e SM-G970 128GB Unlocked Smartphone Android BRAND NEW & SEALED,https://www.ebay.com/itm/374488770743?hash=item57314528b7:g:JvQAAOSwsMti559N&var=643447179425
Samsung Galaxy S20+ Plus 5G 128GB Factory Unlocked T-Mobile AT&T Ultra Simple,https://www.ebay.com/p/27036884038?iid=165336477654
Samsung Galaxy Note20 5G SM-N981U 128GB Mystic Gray(Unlocked)Verizon AT&T Mobile,https://www.ebay.com/p/9040080100?iid=284999381221
Samsung Galaxy A71 UW 5G 128GB Prism Black T-Mobile Xfinity Verizon Unlocked,https://www.ebay.com/p/24044825744?iid=165725241347&var=465234433640
Samsung Galaxy S10 128GB Unlocked Smartphone Various Colours Brand New Boxed,https://www.ebay.com/itm/255616156979?epid=22032360699&hash=item3b83e90533:g:n4wAAOSwK21jg8Sx&amdata=enc%3AAQAHAAAA4P5dMT0%2B2P6wtWT7SGVeNAwmq8tlac8HRRFyi6RM7sJW%2FD4ml7uYACGrMo3JYQzvcbxb8FXmNLRgl47FFTPuNyGKa3CkO0ZSf6dQj%2BpOowObxOzse5rRI7bBMzEkcyNDQcjg120cc%2BDtB%2FyabZ6IEHCClSL7YCYr4m28F6ORG7LkW5Lyi0cmH2y5k4BcYUNvbYyVCwaATvfUR2XdQILLXXSnlmR7Xxp8Ln1IGJMGXhEimxMeTgPqBH33ROmLuq%2FpQuRq%2FV8wAgARyscR%2BAZGotc972jHV2NZqE4HwYg15l1e%7Ctkp%3ABFBMwO-jlelh&var=555554038909
"Samsung Galaxy S21 Ultra, 5G, 128GB, Phantom Black, Unlocked - Fair",https://www.ebay.com/itm/225453719760?epid=3057122441&hash=item347e16c0d0:g:nGwAAOSwjtxkDLea&amdata=enc%3AAQAHAAAA4A1SfNHbBgRXa3vRpwyicGCz6vbRE7Up9xQxV2TkY0gs0Df9HrgftoIIYv3V0OCTcdUYBD8WXZd3ILjX0cdoadfxVThdBpvf5YQoGeHUzvExLhiuVZTwnlDIVZP9y8aku6LN6osyCXsTfr5ew%2FWbg5DctamMVakjLhYVhJo%2BaqOoKDKxMMKQvVBMBy7PdZjBWTph%2FFP4kSn%2BRYwep%2BzcpPfUbXtpOPHuRWy1QcAPE1x7XPW22nqw4I9sXFrAySDT0T7CgDbNQjvOcfyLGyiPTxDvHOmcSRGHwTR42o1lJ0YO%7Ctkp%3ABFBMwO-jlelh
Samsung Galaxy Note 10+ Plus N975U N975U1 - (Factory Unlocked) - OPEN BOX -,https://www.ebay.com/p/7035815134?iid=255439511049&var=555563476492
Samsung Galaxy S9+ SM-G965U- 64GB (Factory Unlocked) C Stock Light Shadow,https://www.ebay.com/p/7024754290?iid=184951729506&var=692737562019
Samsung Galaxy S10 G973U AT&T Sprint T-Mobile Verizon Unlocked - LCD SPOT SALE -,https://www.ebay.com/p/5029471802?iid=254675932774&var=554944467745
Samsung Galaxy Z Flip SM-F700F/DS 256GB Black (Sprint Only) BRAND NEW SEALED,https://www.ebay.com/p/19036884924?iid=225466944208
New Sealed Samsung Galaxy A13 Smartphone 64GB Unlocked 4G Dual Sim All Colours,https://www.ebay.com/itm/225466264553?hash=item347ed62be9:g:drUAAOSw1whjvWxv&var=524460685807
Samsung Galaxy S10e SM-G970U - 128GB - All Colors - (Unlocked) - Good,https://www.ebay.com/p/12047726318?iid=175266158557&var=474476217066
Samsung Galaxy A03s - UNLOCKED - Android 12,https://www.ebay.com/p/14052995960?iid=275066024489
Samsung Galaxy S8 - 64GB - Black - UNLOCKED - SM-G9500,https://www.ebay.com/p/2153733796?iid=175671414498&rt=nc
,https://www.ebay.com/itm/334470159283?epid=18036893799&hash=item4ddff99bb3:g:GwUAAOSwR6FirPMy&amdata=enc%3AAQAHAAAA4LTD8YYhHhJ8KrzdCpk1GigMrDUGzv2AgIlm1Ct16OdLW98vXJIDMKaXgAKs9mLYkMTcGA54qFBMWWYaX68xoPk6zUxHgbg%2FJbCxRRjKv0XJ%2BAn9ik1rlmcPj%2B655V0mncR0CQMh9pYvy3IBgg56GP%2FK7qVN1lTS7UmLMjDTWxEKRld73f%2FycjlRm79u9OSHRgS%2Be%2FPufJoK66QbUppw34%2FfIQ1cPI%2F%2BKs%2FZcOVwLNzJyu7M281l8aSEWB%2FHJ3v6r6%2BDe9MLy0i2xPXofRngZDQyjul7%2FGWAQwXt%2FYqcB3v8%7Ctkp%3ABFBM3o6klelh&var=543728089917
,https://www.ebay.com/itm/334470199829?epid=26036898531&hash=item4ddffa3a15:g:GqkAAOSwnNVirPMd&amdata=enc%3AAQAHAAAA4BrNCqSLIPrIvGTHpu7xjdI%2FL5z4qagoe%2FhYXB1jFbkIF7petXGNANZM3cBiq1B23WS7LPbSiiwmtNNJ6KYygP5yejUyOVQ0X%2Fe%2FiFb66dlM017u2WRpevLzoRAYjYoZO9AF0%2FM05CE8Cy50tO%2BLiJwb9b3Yzd71n%2Bd4FVzOCO0MbJ5I1insbIJMOxUBJzxbkHqJiUznRBZcvXLvsdFAFdMPGaKyhuoIk%2BWxeBdI%2BvKaSzu1DF7rkntLK7%2Foro9z%2BI%2BPmxwrpIfSa90XNPI%2FZ4EJLCQfwaIRk2vWtBOwlyP1%7Ctkp%3ABFBM3o6klelh&var=543727997679
Samsung Galaxy Note 20 Ultra Unlocked N986U 128GB Good,https://www.ebay.com/itm/334481215887?hash=item4de0a2518f:g:VOcAAOSwVVxjcpMs&amdata=enc%3AAQAHAAAA4JsNH1S%2B4m5RLN8q4daJUcc8vStUkgQlELf2EExp%2FsWSgTs%2BIyGMZZFq5kXyD7r7Gpxzop7Y2VYoIAwKuxm9nT0do1wION%2BBhr14CfOjZKaB0BvBMahAZlhwPXu6u28HmxbQoZ9K8JYsQFyof1pFere7uTncCYxPDS4u9GE2AXvqTnGwae9EmwUO%2FTzszvW6%2F8nqr3edm7Upb0wb1%2BIoZLXn7rMjVQDRp86Q55%2F1qswipysWoRhmv5st3Ddhg8xJ4SPXZX7gkYI65EQCHFnnUxh22kjXAZzCv6cs4XLmU9cv%7Ctkp%3ABFBM3o6klelh&var=543728103733
"Samsung Galaxy S21, 5G, 128GB, Phantom Grey, Unlocked - Fair Condition",https://www.ebay.com/itm/334728586748?epid=26058018458&hash=item4def60e5fc:g:NWEAAOSwP2xkDLPy&amdata=enc%3AAQAHAAAA4LUIZI0KkwysYrnxBW3h4yY6LgKJ8wYsunh6XhHrgp20vXWT3noIvhl%2BKb7EJX77R3FhNYEyZMQ0JgsShqG%2B49GnTGumeFOK8k%2FJfIVuURDvr0UCtAL%2F1%2BDt27sspeStg%2FRT4yE5Q1ZDBfb%2Bzajqy6AVKEAE0%2BNFbQB%2FzhktPXMaDrHIyYu2Ca02%2BgoACrQ%2Bd%2FYXqRBTuaAxeyHa1R87UtnM3%2BzDcavDt68xDTGKgTn7O%2Bjgj8c5r7qxqE32fg9D%2BnZf0ZjrfcyEX7dE%2B5JOMJFyTpXeFpw1fr%2FRlk3RjgmN%7Ctkp%3ABFBM3o6klelh
"SAMSUNG Galaxy S23, S23+, S23Ultra 5G Unlocked Smartphone Cellphone",https://www.ebay.com/itm/354557412430?hash=item528d44c44e:g:mwkAAOSwMphj21XQ&var=623937687359
Samsung Galaxy Note 20 5G N981U (Factory Unlocked) 128GB Smartphone,https://www.ebay.com/p/9040080100?iid=325349047528&var=514292156334
Samsung Galaxy S22 S901 128GB US Cellular Smartphone Excellent,https://www.ebay.com/p/25055117005?iid=284950234610&var=586757506175
Samsung Galaxy S21+ Plus 5G G996U 128GB (Factory Unlocked) Smartphone- Good,https://www.ebay.com/p/20043689450?iid=325566893699&var=514596051985
Samsung Galaxy Note 8 SM-N950U - 64GB - Black (Unlocked) - B Stock Heavy Shadow,https://www.ebay.com/p/28030654897?iid=185294126719
Samsung Galaxy S20 | S20+ | S20 FE | S20 Ultra 5G 128GB - Unlocked Verizon AT&T,https://www.ebay.com/p/20038967004?iid=275507425786&var=576432572897
Samsung Galaxy S22 Ultra 128GB 256GB S908U US Cellular Excellent,https://www.ebay.com/p/15052286533?iid=285078137760&var=586977704888
Samsung Galaxy S10 S10e S10+ Plus 128GB 512GB Unlocked Verizon T-Mobile AT&T ,https://www.ebay.com/p/9029456909?iid=275343078481&var=575657175710
Samsung Galaxy Note 20 Ultra Unlocked N986U 128GB,https://www.ebay.com/p/27040076768?iid=334578850436&var=543728249628
Samsung Galaxy S21 | S21+ Plus 5G - 128GB - Unlocked | Verizon | T-Mobile | AT&T,https://www.ebay.com/itm/185795944955?epid=8043691369&hash=item2b424d21fb:g:PZMAAOSwOEZj~qg1&amdata=enc%3AAQAHAAAA4MEsrxysGaGCfETvwCkGnLYNLaS30hk3%2FdIKw%2FEgpNtNhNmdi94UBVF1f2tkfGFmS5J1VN7OjRu8zu9mX%2FrzSAwKo25qWh%2BfX9d9h2ronArPDTSgQkfl2K%2BZyPZRgcFcT888d6UvFg1ggQ%2BKp9JvPXdNxha5VcACh3SbaKLzvczsy8zQOlzfw%2FVSlHqgxLyqw4OE1CEJ1fm7%2BeX5Ze0Xg3eFMqNi6vl%2B95Jr9C2qVar3RZ%2FNjkkN1CTRI4wGBV%2FiRhos4hY4MpKZeH5NNqUR27MRzn2m164GtMSqcms6ZVpe%7Ctkp%3ABFBM4I6klelh&var=693744210310
Samsung Galaxy S20+ Plus 5G G986U Unlocked 128GB,https://www.ebay.com/itm/334582858558?epid=24036887789&hash=item4de6b1433e:g:-dMAAOSwEIpjPWyW&amdata=enc%3AAQAHAAAA4HZ2T%2BKkapvoUpNvG6xgziEGaxtnqGlB3%2F8ELVlNH3rBqifMv6uTda8ms%2Bn3kUOz%2F4oqF7ZnWxWowLke4XskBWgOhSR6Gc7J34K4YvDlQGPFPQWt3xS3v%2BCleweKpbAWXst3rCibyVswzy0Pe1cyemnghwtmxNcEARlBH1GMofonKL6zTeWLi%2FLEJGtpncrKXJm%2B0s68CzdEfw%2FyecCAOamFqUSf46Tr3MJOhXq4VElzmLN8GirK7rypRppUfGafT5pABxIKIlRMTwZckAx%2B37AQl7T1R8uu5sQPGT3X0elh%7Ctkp%3ABFBM4I6klelh&var=543682799869
,https://www.ebay.com/itm/334228691030?epid=27040076768&hash=item4dd1951856:g:-uIAAOSwh2Jhm7sf&amdata=enc%3AAQAHAAAA4OepQkzB0aQ0Ke8dhcA0jJtt3WMiTP%2FqsHlXEGlu9e%2BpCd5DyvhQB2eTS4Gt02VzsS8nqHjFafjNZL9qHQcaS1HMIKhfyQfAjBoxx1Ic0tC0z%2FN4gRkj0Qmm%2BtMz8PViMzzIKyyPkPODhK53U%2Btaz5Mn1Igfi0kD%2FUHMiiqLdXjUOr6ZUxcsDq5Fe07I%2BZyiB5MXWcB74EpFjJ8GyR9ybwNd7Z6zPYz0jSz5UWbTXIDg4yz8REBMkKckVVhp8eq%2F69qmRk3613UhBZ8K7e9%2BWVrsHbRqc9ugkSqnMIVKZcEM%7Ctkp%3ABFBM4I6klelh&var=543728333620
,https://www.ebay.com/p/19040790339?iid=294574166878&var=593296076580
Samsung Galaxy S20 | S20+ | S20 FE | S20 Ultra 5G 128GB - Unlocked Verizon AT&T,https://www.ebay.com/p/27043765755?iid=265959603760&var=565811646027
Samsung Galaxy Z Flip3 5G SM-F711U - 256GB - (Unlocked) - B Stock - Spot,https://www.ebay.com/p/22048607335?iid=185823464681&var=693780541148
Samsung Galaxy S21 5G SM-G991U 128GB Unlocked Smartphone - Good,https://www.ebay.com/p/28043687656?iid=195096160016&var=494943568074
NEW UNLOCKED SAMSUNG GALAXY S21 ULTRA 5G SM-G998U ALL COLORS AND MEMORY GSM+CDMA,https://www.ebay.com/p/13043687483?iid=204252543375&var=504820734119
Samsung Galaxy S20 FE 5G SM-G781U 128GB Cloud Navy Factory Unlocked 10/10 MINT!,https://www.ebay.com/p/19041200788?iid=115679349085
,https://www.ebay.com/itm/275382780260?hash=item401e17c164:g:cO4AAOSw6jdjdqXo&var=575822481148
Samsung Galaxy S22 SM-S901U - 128GB - All Colors - (T-Mobile Locked) - Good,https://www.ebay.com/itm/185540908487?hash=item2b331995c7:g:FC8AAOSw~kpi~A3O&var=693381105094
Samsung Galaxy A53 5G 128GB - Black SM-A536 (Unlocked T-Mobile AT&T) Open Box,https://www.ebay.com/p/9052996590?iid=275544148948&var=576542267879
Samsung S20+ Plus 5G Unlocked G986U 128GB Spot,https://www.ebay.com/p/25055820570?iid=295269545611&var=593458929679
Samsung Galaxy S21 | S21+ Plus 5G 128GB - (Unlocked) Verizon T-Mobile AT&T,https://www.ebay.com/p/8043691369?iid=266153124820&var=565984831287
Samsung Galaxy S20 FE Unlocked 5G SM-G781V - 128GB - Cloud Navy,https://www.ebay.com/itm/304833503828?epid=26041210699&hash=item46f97e2254:g:sGsAAOSw0txkCqTJ&amdata=enc%3AAQAHAAAA4NnueV4tINesVo9ziyprBhjk6jx4lPQA5sGSApN%2FDnn4wieifzGeQLb9sFmUsQgOadPOEkel%2FUK8SV2MgOTcP1KLXII63qX0OV0jVOiyFDNGvjUGHTvtiTibf6iW1R0N9zvGbihAdOqPYjWti6RM7tE%2BtYFXK%2B8lUXBCcBaYzoUoduO%2FWHMGm4niEnRd64ekEihnTsm0i9yF5%2BxPNRpQ4HT9Rht6T8Rylmwg5qTNHpp66ok%2FWEG4hKyiRD88frit4s9WMZupBTGZGmZBoZwryGEfn%2BrNIpVhRfKZDXClxRdW%7Ctkp%3ABFBM4o6klelh
Samsung Galaxy A11 - UNLOCKED,https://www.ebay.com/itm/274655053879?epid=8045797747&hash=item3ff2b78837:g:9z0AAOSw0D1in7UP&amdata=enc%3AAQAHAAAA0LHMWCTFIkm6HaXGCy73Fs6mSDtildgYhCRFUMWiIiHI1nRgCyslC%2FQCY1eRuHuVgrD1dFcgnH65y%2FirJFCamlNo3hSQeDSk2pFZkFRemLs%2BqAr%2BG2WtzaGIQkvOSEEfj%2B65n0WGfcq2AhXmwCMd6F0ouwNlr%2FzwYaV9GIbcxswH3Rg27WvIp7038uXZhS4DaB4IgSDVsbHTUUK%2BlT%2FZv%2Fc8G%2B4kMhXi6iwoBtkcORrjs0ZcW5LANjff0sx9vwdihhG7j7NVIueB%2FJ5TSlNvh6M%3D%7Ctkp%3ABFBM4o6klelh
Samsung Galaxy Z Flip 3 5G 256GB Unlocked  CONDTION 9/10. WANT TO SELL SOON.,https://www.ebay.com/itm/134517557010?epid=22048607335&hash=item1f51df0712:g:35EAAOSwNjZkJkcT&amdata=enc%3AAQAHAAAA4DxidcCNGneKpB5i5WM1c9xIRTNB2dxvmaZDauEyT%2FGijK0RgucEmATSL%2FukXeh%2BuU%2FJbgb9rKXpnxLsOoUl%2FUQw%2FTKSxG%2FDhMAZUaluFk0ZvznpiK3BB9hLQUIivUWJCwQ%2F%2FnCICtpjCGJf%2BmYOAn1d0od1nSQH9dAehlYubKxV2ZTGMWTphtXs4ShbgC5ZIkrxEkrrrHcSVl7XWO2pB8WLeVKnoaNJudFZkmcUoxsw9xzuRbZ8NbSlFzcR1g9OymTKj6EGEHXDUGacvsLKUdjqzfHK7JmXyXyo3YuAg1Ow%7Ctkp%3ABFBM4o6klelh
New AT&T Samsung Galaxy S21 FE 5G SM-G990U 128GB Graphite (US Model),https://www.ebay.com/itm/155401149618?epid=22051766050&hash=item242ea15cb2:g:MZ4AAOSw2Zxj5YFe&amdata=enc%3AAQAHAAAA4Pj0wdqc03GR8FHqRCVchXyQB1Sj3Jo3Axjy1In3pQDhNwGVSxTagTZ13OuBdjgpDGH9vZ11edwEwoKVqSeTMSlLU8XwqVkN5WoExq35da2SJHGYd2WQLk%2FTrjX72y%2FKTpIynbOdnGMh5Vcr2fD4es5omXU6B7UAJ9D6ac3Foxol0fZgUFk9WOVaUaquLvUk5i8PJGn0q46oivk41Cqojmi3gvLcRfuwGCLcbSfD9io0gGDZc8pagVs6XPL7uRmHZmpc%2F%2FVbLjCKkCnaLdBfXL0DvlWEaDjyvxjkAs0wHYkg%7Ctkp%3ABFBM4o6klelh
Samsung Galaxy Note 9 N960U 128GB Factory Unlocked Smartphone,https://www.ebay.com/p/9025368407?iid=325334675201&var=514254506102
Samsung Galaxy Note10+ Plus SM-N975U 256GB All Colors (Unlocked) Heavy Scratch,https://www.ebay.com/p/24056237871?iid=175501857704&var=474823692575
Samsung Galaxy Note 10 | Note 10+ Plus 256GB - (Unlocked) T-Mobile AT&T Verizon,https://www.ebay.com/p/9057218890?iid=255640405570&var=555574989561
Samsung Galaxy S20 5G G981U Unlocked 128GB Spot,https://www.ebay.com/p/26036898531?iid=294824352820&var=593305727778
Samsung Galaxy S22 Ultra SM-S908U - (Unlocked) - COLOR AND SIZE OPTIONS,https://www.ebay.com/p/2323332005?iid=256014591149&var=555949331688
BRAND NEW Samsung Galaxy S21 S21+ plus S21 Ultra Unlocked smartphone BRAND NEW,https://www.ebay.com/p/3057122441?iid=374531095602&var=643502343640&rt=nc
Samsung Galaxy S20 FE 5G - 128GB - Factory Unlocked - Excellent Condition,https://www.ebay.com/itm/115014458990?epid=19041200788&hash=item1ac7655e6e:g:X9kAAOSwJZhhUh73&amdata=enc%3AAQAHAAAA4DBOZde6kxQDgZpo2vJKHyUpxQgwAEHmm6UftU%2BvGxl4YBkmxOWbapv3yQC628Ud2yfgCeRGISKq%2BodxGhbuIN7UtndFY9S9MwUTTm7wedGVcJyMiG1aNVFO6VD6rJsdBYnafvkyqJKFx8YkBBLbvzwmTR%2Fp4dtDWSZSH%2FzQhnF2m%2FtV8b%2F5isycgrHUdbsqOLdIubfnGdIn1wFZzCRnqTc%2FPHU54YqJg8YskNgpqzGxbNcpZDUEfbYLWoiZ8guuMrQugQUpEnryByOqw6eWdfP2qu4M4v5ZcAWlM%2Bny1Cdn%7Ctkp%3ABFBM4o6klelh&var=415106806388
Samsung Galaxy S20+ Plus 5G G986U Unlocked 128GB Open Box,https://www.ebay.com/itm/334582850759?epid=20036893230&hash=item4de6b124c7:g:Xo8AAOSw9ChjPWq5&amdata=enc%3AAQAHAAAA4EktGa8xSgOEtqq%2Fb61DC5FpEmlPXCMwB5ySOweh3dIta3s7Nnu0zpfY0zxVEgTlfWzhnCn5xRtIBibR6fH%2BdwQXqsq0Qg%2FqIVKyEBwL41CtsteD0wiYOOeREyzemaDFBNkjBAlO%2FJy2Jriw3G700QjmkB62qQEAO0N5Fpt95ARuSdsJADq8WoZxPf8bfb9eBRaMA78tTssxIgdzn%2FNSaoy2zVQxXUm9eYSnXYRWEOLtkzEVQVit%2Ft%2FMRA%2BPSi4MLFoEDULuXeMtrcYTt49D7byJwapM%2F3SFaFA4vNr3edG8%7Ctkp%3ABFBM4o6klelh&var=543682540513
Samsung Galaxy Note 10+ Plus N975U - All Colors - Factory Unlocked - EXCELLENT -,https://www.ebay.com/p/26035820207?iid=255660131947&var=555596369794
Samsung Galaxy S9+ Plus SM-G965U 64GB (Unlocked) C Stock - Heavy Burn,https://www.ebay.com/p/6051639270?iid=175317362401&var=474544508508
New Sealed Samsung Galaxy A14 Smartphone 64GB Unlocked 4G Dual Sim All Colours,https://www.ebay.com/itm/225486419532?hash=item348009b64c:g:0H4AAOSwEwdkFhML&var=524491777994
"Samsung Galaxy S21, 5G, 128GB, Phantom Grey, Unlocked Brand New",https://www.ebay.com/p/26058018458?iid=256031870477&rt=nc
Samsung Galaxy S21 5G SM-G991U - 128GB - Gray - (T-Mobile) - New in Box,https://www.ebay.com/p/2314733154?iid=185505316866
NEW Samsung Galaxy S20 ULTRA 5G 128GB | 512GB Smartphone,https://www.ebay.com/p/23036905357?iid=225221356914&var=524160220284
Samsung Galaxy S10e SM-G970U - 128GB - All Colors - (Unlocked) - C Stock,https://www.ebay.com/p/13057292030?iid=195153562447&var=494970612105
Samsung Galaxy S10 SM-G973U - 128GB - Black - (Unlocked) - C stock,https://www.ebay.com/p/19030856390?iid=175226982672
